id,mask
1_1,
1_2,
1_3,
2_1,
2_2,
2_3,
3_1,
3_2,
3_3,
4_1,
4_2,
4_3,
5_1,
5_2,
5_3,
6_1,
6_2,
6_3,
7_1,
7_2,
7_3,
8_1,
8_2,
8_3,
9_1,
9_2,
9_3,
10_1,
10_2,
10_3,
11_1,
11_2,
11_3,
12_1,
12_2,
12_3,
13_1,
13_2,
13_3,
14_1,
14_2,
14_3,
15_1,
15_2,
15_3,
16_1,
16_2,
16_3,
17_1,
17_2,
17_3,
18_1,
18_2,
18_3,
19_1,
19_2,
19_3,
20_1,
20_2,
20_3,
21_1,
21_2,
21_3,
22_1,
22_2,
22_3,
23_1,
23_2,
23_3,
24_1,
24_2,
24_3,
25_1,
25_2,
25_3,
26_1,
26_2,
26_3,
27_1,
27_2,
27_3,
28_1,
28_2,
28_3,
29_1,
29_2,
29_3,
30_1,
30_2,
30_3,
31_1,
31_2,
31_3,
32_1,
32_2,
32_3,
33_1,
33_2,
33_3,
34_1,
34_2,
34_3,
35_1,
35_2,
35_3,
36_1,
36_2,
36_3,
37_1,
37_2,
37_3,
38_1,
38_2,
38_3,
39_1,
39_2,
39_3,
40_1,
40_2,
40_3,
41_1,
41_2,
41_3,
42_1,
42_2,
42_3,
43_1,
43_2,
43_3,
44_1,
44_2,
44_3,
45_1,
45_2,
45_3,
46_1,
46_2,
46_3,
47_1,
47_2,
47_3,
48_1,
48_2,
48_3,
49_1,
49_2,
49_3,
50_1,
50_2,
50_3,
51_1,
51_2,
51_3,
52_1,
52_2,
52_3,
53_1,
53_2,
53_3,
54_1,
54_2,
54_3,
55_1,
55_2,
55_3,
56_1,
56_2,
56_3,
57_1,
57_2,
57_3,
58_1,
58_2,
58_3,
59_1,
59_2,
59_3,
60_1,
60_2,
60_3,
61_1,
61_2,
61_3,
62_1,
62_2,
62_3,
63_1,
63_2,
63_3,
64_1,
64_2,
64_3,
65_1,
65_2,
65_3,
66_1,
66_2,
66_3,
67_1,
67_2,
67_3,
68_1,
68_2,
68_3,
69_1,
69_2,
69_3,
70_1,
70_2,
70_3,
71_1,
71_2,
71_3,
72_1,
72_2,
72_3,
73_1,
73_2,
73_3,
74_1,
74_2,
74_3,
75_1,
75_2,
75_3,
76_1,
76_2,
76_3,
77_1,
77_2,
77_3,
78_1,
78_2,
78_3,
79_1,
79_2,
79_3,
80_1,
80_2,
80_3,
81_1,
81_2,
81_3,
82_1,
82_2,
82_3,
83_1,
83_2,
83_3,
84_1,
84_2,
84_3,
85_1,
85_2,
85_3,
86_1,
86_2,
86_3,
87_1,
87_2,
87_3,
88_1,
88_2,
88_3,
89_1,
89_2,
89_3,
90_1,
90_2,
90_3,
91_1,
91_2,
91_3,
92_1,
92_2,
92_3,
93_1,
93_2,
93_3,
94_1,
94_2,
94_3,
95_1,
95_2,
95_3,
96_1,
96_2,
96_3,
97_1,
97_2,
97_3,
98_1,
98_2,
98_3,
99_1,
99_2,
99_3,
100_1,
100_2,
100_3,
101_1,
101_2,
101_3,
102_1,
102_2,
102_3,
103_1,
103_2,
103_3,
104_1,
104_2,
104_3,
105_1,
105_2,
105_3,
106_1,
106_2,
106_3,
107_1,
107_2,
107_3,
108_1,
108_2,
108_3,
109_1,
109_2,
109_3,
110_1,
110_2,
110_3,
111_1,
111_2,
111_3,
112_1,
112_2,
112_3,
113_1,
113_2,
113_3,
114_1,
114_2,
114_3,
115_1,
115_2,
115_3,
116_1,
116_2,
116_3,
117_1,
117_2,
117_3,
118_1,
118_2,
118_3,
119_1,
119_2,
119_3,
120_1,
120_2,
120_3,
121_1,
121_2,
121_3,
122_1,
122_2,
122_3,
123_1,
123_2,
123_3,
124_1,
124_2,
124_3,
125_1,
125_2,
125_3,
126_1,
126_2,
126_3,
127_1,
127_2,
127_3,
128_1,
128_2,
128_3,
129_1,
129_2,
129_3,
130_1,
130_2,
130_3,
131_1,
131_2,
131_3,
132_1,
132_2,
132_3,
133_1,
133_2,
133_3,
134_1,
134_2,
134_3,
135_1,
135_2,
135_3,
136_1,
136_2,
136_3,
137_1,
137_2,
137_3,
138_1,
138_2,
138_3,
139_1,
139_2,
139_3,
140_1,
140_2,
140_3,
141_1,
141_2,
141_3,
142_1,
142_2,
142_3,
143_1,
143_2,
143_3,
144_1,
144_2,
144_3,
145_1,
145_2,
145_3,
146_1,
146_2,
146_3,
147_1,
147_2,
147_3,
148_1,
148_2,
148_3,
149_1,
149_2,
149_3,
150_1,
150_2,
150_3,
151_1,
151_2,
151_3,
152_1,
152_2,
152_3,
153_1,
153_2,
153_3,
154_1,
154_2,
154_3,
155_1,
155_2,
155_3,
156_1,
156_2,
156_3,
157_1,
157_2,
157_3,
158_1,
158_2,
158_3,
159_1,
159_2,
159_3,
160_1,
160_2,
160_3,
161_1,
161_2,
161_3,
162_1,
162_2,
162_3,
163_1,
163_2,
163_3,
164_1,
164_2,
164_3,
165_1,
165_2,
165_3,
166_1,
166_2,
166_3,
167_1,
167_2,
167_3,
168_1,
168_2,
168_3,
169_1,
169_2,
169_3,
170_1,
170_2,
170_3,
171_1,
171_2,
171_3,
172_1,
172_2,
172_3,
173_1,
173_2,
173_3,
174_1,
174_2,
174_3,
175_1,
175_2,
175_3,
176_1,
176_2,
176_3,
177_1,
177_2,
177_3,
178_1,
178_2,
178_3,
179_1,
179_2,
179_3,
180_1,
180_2,
180_3,
181_1,
181_2,
181_3,
182_1,
182_2,
182_3,
183_1,
183_2,
183_3,
184_1,
184_2,
184_3,
185_1,
185_2,
185_3,
186_1,
186_2,
186_3,
187_1,
187_2,
187_3,
188_1,
188_2,
188_3,
189_1,
189_2,
189_3,
190_1,
190_2,
190_3,
191_1,
191_2,
191_3,
192_1,
192_2,
192_3,
193_1,
193_2,
193_3,
194_1,
194_2,
194_3,
195_1,
195_2,
195_3,
196_1,
196_2,
196_3,
197_1,
197_2,
197_3,
198_1,
198_2,
198_3,
199_1,
199_2,
199_3,
200_1,
200_2,
200_3,
201_1,
201_2,
201_3,
202_1,
202_2,
202_3,
203_1,
203_2,
203_3,
204_1,
204_2,
204_3,
205_1,
205_2,
205_3,
206_1,
206_2,
206_3,
207_1,
207_2,
207_3,
208_1,
208_2,
208_3,
209_1,
209_2,
209_3,
210_1,
210_2,
210_3,
211_1,
211_2,
211_3,
212_1,
212_2,
212_3,
213_1,
213_2,
213_3,
214_1,
214_2,
214_3,
215_1,
215_2,
215_3,
216_1,
216_2,
216_3,
217_1,
217_2,
217_3,
218_1,
218_2,
218_3,
219_1,
219_2,
219_3,
220_1,
220_2,
220_3,
221_1,
221_2,
221_3,
222_1,
222_2,
222_3,
223_1,
223_2,
223_3,
224_1,
224_2,
224_3,
225_1,
225_2,
225_3,
226_1,
226_2,
226_3,
227_1,
227_2,
227_3,
228_1,
228_2,
228_3,
229_1,
229_2,
229_3,
230_1,
230_2,
230_3,
231_1,
231_2,
231_3,
232_1,
232_2,
232_3,
233_1,
233_2,
233_3,
234_1,
234_2,
234_3,
235_1,
235_2,
235_3,
236_1,
236_2,
236_3,
237_1,
237_2,
237_3,
238_1,
238_2,
238_3,
239_1,
239_2,
239_3,
240_1,
240_2,
240_3,
241_1,
241_2,
241_3,
242_1,
242_2,
242_3,
243_1,
243_2,
243_3,
244_1,
244_2,
244_3,
245_1,
245_2,
245_3,
246_1,
246_2,
246_3,
247_1,
247_2,
247_3,
248_1,
248_2,
248_3,
249_1,
249_2,
249_3,
250_1,
250_2,
250_3,
251_1,
251_2,
251_3,
252_1,
252_2,
252_3,
253_1,
253_2,
253_3,
254_1,
254_2,
254_3,
255_1,
255_2,
255_3,
256_1,
256_2,
256_3,
257_1,
257_2,
257_3,
258_1,
258_2,
258_3,
259_1,
259_2,
259_3,
260_1,
260_2,
260_3,
261_1,
261_2,
261_3,
262_1,
262_2,
262_3,
263_1,
263_2,
263_3,
264_1,
264_2,
264_3,
265_1,
265_2,
265_3,
266_1,
266_2,
266_3,
267_1,
267_2,
267_3,
268_1,
268_2,
268_3,
269_1,
269_2,
269_3,
270_1,
270_2,
270_3,
271_1,
271_2,
271_3,
272_1,
272_2,
272_3,
273_1,
273_2,
273_3,
274_1,
274_2,
274_3,
275_1,
275_2,
275_3,
276_1,
276_2,
276_3,
277_1,
277_2,
277_3,
278_1,
278_2,
278_3,
279_1,
279_2,
279_3,
280_1,
280_2,
280_3,
281_1,
281_2,
281_3,
282_1,
282_2,
282_3,
283_1,
283_2,
283_3,
284_1,
284_2,
284_3,
285_1,
285_2,
285_3,
286_1,
286_2,
286_3,
287_1,
287_2,
287_3,
288_1,
288_2,
288_3,
289_1,
289_2,
289_3,
290_1,
290_2,
290_3,
291_1,
291_2,
291_3,
292_1,
292_2,
292_3,
293_1,
293_2,
293_3,
294_1,
294_2,
294_3,
295_1,
295_2,
295_3,
296_1,
296_2,
296_3,
297_1,
297_2,
297_3,
298_1,
298_2,
298_3,
299_1,
299_2,
299_3,
300_1,
300_2,
300_3,
301_1,
301_2,
301_3,
302_1,
302_2,
302_3,
303_1,
303_2,
303_3,
304_1,
304_2,
304_3,
305_1,
305_2,
305_3,
306_1,
306_2,
306_3,
307_1,
307_2,
307_3,
308_1,
308_2,
308_3,
309_1,
309_2,
309_3,
310_1,
310_2,
310_3,
311_1,
311_2,
311_3,
312_1,
312_2,
312_3,
313_1,
313_2,
313_3,
314_1,
314_2,
314_3,
315_1,
315_2,
315_3,
316_1,
316_2,
316_3,
317_1,
317_2,
317_3,
318_1,
318_2,
318_3,
319_1,
319_2,
319_3,
320_1,
320_2,
320_3,
321_1,
321_2,
321_3,
322_1,
322_2,
322_3,
323_1,
323_2,
323_3,
324_1,
324_2,
324_3,
325_1,
325_2,
325_3,
326_1,
326_2,
326_3,
327_1,
327_2,
327_3,
328_1,
328_2,
328_3,
329_1,
329_2,
329_3,
330_1,
330_2,
330_3,
331_1,
331_2,
331_3,
332_1,
332_2,
332_3,
333_1,
333_2,
333_3,
334_1,
334_2,
334_3,
335_1,
335_2,
335_3,
336_1,
336_2,
336_3,
337_1,
337_2,
337_3,
338_1,
338_2,
338_3,
339_1,
339_2,
339_3,
340_1,
340_2,
340_3,
341_1,
341_2,
341_3,
342_1,
342_2,
342_3,
343_1,
343_2,
343_3,
344_1,
344_2,
344_3,
345_1,
345_2,
345_3,
346_1,
346_2,
346_3,
347_1,
347_2,
347_3,
348_1,
348_2,
348_3,
349_1,
349_2,
349_3,
350_1,
350_2,
350_3,
351_1,
351_2,
351_3,
352_1,
352_2,
352_3,
353_1,
353_2,
353_3,
354_1,
354_2,
354_3,
355_1,
355_2,
355_3,
356_1,
356_2,
356_3,
357_1,
357_2,
357_3,
358_1,
358_2,
358_3,
359_1,
359_2,
359_3,
360_1,
360_2,
360_3,
361_1,
361_2,
361_3,
362_1,
362_2,
362_3,
363_1,
363_2,
363_3,
364_1,
364_2,
364_3,
365_1,
365_2,
365_3,
366_1,
366_2,
366_3,
367_1,
367_2,
367_3,
368_1,
368_2,
368_3,
369_1,
369_2,
369_3,
370_1,
370_2,
370_3,
371_1,
371_2,
371_3,
372_1,
372_2,
372_3,
373_1,
373_2,
373_3,
374_1,
374_2,
374_3,
375_1,
375_2,
375_3,
376_1,
376_2,
376_3,
377_1,
377_2,
377_3,
378_1,
378_2,
378_3,
379_1,
379_2,
379_3,
380_1,
380_2,
380_3,
381_1,
381_2,
381_3,
382_1,
382_2,
382_3,
383_1,
383_2,
383_3,
384_1,
384_2,
384_3,
385_1,
385_2,
385_3,
386_1,
386_2,
386_3,
387_1,
387_2,
387_3,
388_1,
388_2,
388_3,
389_1,
389_2,
389_3,
390_1,
390_2,
390_3,
391_1,
391_2,
391_3,
392_1,
392_2,
392_3,
393_1,
393_2,
393_3,
394_1,
394_2,
394_3,
395_1,
395_2,
395_3,
396_1,
396_2,
396_3,
397_1,
397_2,
397_3,
398_1,
398_2,
398_3,
399_1,
399_2,
399_3,
400_1,
400_2,
400_3,
401_1,
401_2,
401_3,
402_1,
402_2,
402_3,
403_1,
403_2,
403_3,
404_1,
404_2,
404_3,
405_1,
405_2,
405_3,
406_1,
406_2,
406_3,
407_1,
407_2,
407_3,
408_1,
408_2,
408_3,
409_1,
409_2,
409_3,
410_1,
410_2,
410_3,
411_1,
411_2,
411_3,
412_1,
412_2,
412_3,
413_1,
413_2,
413_3,
414_1,
414_2,
414_3,
415_1,
415_2,
415_3,
416_1,
416_2,
416_3,
417_1,
417_2,
417_3,
418_1,
418_2,
418_3,
419_1,
419_2,
419_3,
420_1,
420_2,
420_3,
421_1,
421_2,
421_3,
422_1,
422_2,
422_3,
423_1,
423_2,
423_3,
424_1,
424_2,
424_3,
425_1,
425_2,
425_3,
426_1,
426_2,
426_3,
427_1,
427_2,
427_3,
428_1,
428_2,
428_3,
429_1,
429_2,
429_3,
430_1,
430_2,
430_3,
431_1,
431_2,
431_3,
432_1,
432_2,
432_3,
433_1,
433_2,
433_3,
434_1,
434_2,
434_3,
435_1,
435_2,
435_3,
436_1,
436_2,
436_3,
437_1,
437_2,
437_3,
438_1,
438_2,
438_3,
439_1,
439_2,
439_3,
440_1,
440_2,
440_3,
441_1,
441_2,
441_3,
442_1,
442_2,
442_3,
443_1,
443_2,
443_3,
444_1,
444_2,
444_3,
445_1,
445_2,
445_3,
446_1,
446_2,
446_3,
447_1,
447_2,
447_3,
448_1,
448_2,
448_3,
449_1,
449_2,
449_3,
450_1,
450_2,
450_3,
451_1,
451_2,
451_3,
452_1,
452_2,
452_3,
453_1,
453_2,
453_3,
454_1,
454_2,
454_3,
455_1,
455_2,
455_3,
456_1,
456_2,
456_3,
457_1,
457_2,
457_3,
458_1,
458_2,
458_3,
459_1,
459_2,
459_3,
460_1,
460_2,
460_3,
461_1,
461_2,
461_3,
462_1,
462_2,
462_3,
463_1,
463_2,
463_3,
464_1,
464_2,
464_3,
465_1,
465_2,
465_3,
466_1,
466_2,
466_3,
467_1,
467_2,
467_3,
468_1,
468_2,
468_3,
469_1,
469_2,
469_3,
470_1,
470_2,
470_3,
471_1,
471_2,
471_3,
472_1,
472_2,
472_3,
473_1,
473_2,
473_3,
474_1,
474_2,
474_3,
475_1,
475_2,
475_3,
476_1,
476_2,
476_3,
477_1,
477_2,
477_3,
478_1,
478_2,
478_3,
479_1,
479_2,
479_3,
480_1,
480_2,
480_3,
481_1,
481_2,
481_3,
482_1,
482_2,
482_3,
483_1,
483_2,
483_3,
484_1,
484_2,
484_3,
485_1,
485_2,
485_3,
486_1,
486_2,
486_3,
487_1,
487_2,
487_3,
488_1,
488_2,
488_3,
489_1,
489_2,
489_3,
490_1,
490_2,
490_3,
491_1,
491_2,
491_3,
492_1,
492_2,
492_3,
493_1,
493_2,
493_3,
494_1,
494_2,
494_3,
495_1,
495_2,
495_3,
496_1,
496_2,
496_3,
497_1,
497_2,
497_3,
498_1,
498_2,
498_3,
499_1,
499_2,
499_3,
500_1,
500_2,
500_3,
501_1,
501_2,
501_3,
502_1,
502_2,
502_3,
503_1,
503_2,
503_3,
504_1,
504_2,
504_3,
505_1,
505_2,
505_3,
506_1,
506_2,
506_3,
507_1,
507_2,
507_3,
508_1,
508_2,
508_3,
509_1,
509_2,
509_3,
510_1,
510_2,
510_3,
511_1,
511_2,
511_3,
512_1,
512_2,
512_3,
513_1,
513_2,
513_3,
514_1,
514_2,
514_3,
515_1,
515_2,
515_3,
516_1,
516_2,
516_3,
517_1,
517_2,
517_3,
518_1,
518_2,
518_3,
519_1,
519_2,
519_3,
520_1,
520_2,
520_3,
521_1,
521_2,
521_3,
522_1,
522_2,
522_3,
523_1,
523_2,
523_3,
524_1,
524_2,
524_3,
525_1,
525_2,
525_3,
526_1,
526_2,
526_3,
527_1,
527_2,
527_3,
528_1,
528_2,
528_3,
529_1,
529_2,
529_3,
530_1,
530_2,
530_3,
531_1,
531_2,
531_3,
532_1,
532_2,
532_3,
533_1,
533_2,
533_3,
534_1,
534_2,
534_3,
535_1,
535_2,
535_3,
536_1,
536_2,
536_3,
537_1,
537_2,
537_3,
538_1,
538_2,
538_3,
539_1,
539_2,
539_3,
540_1,
540_2,
540_3,
541_1,
541_2,
541_3,
542_1,
542_2,
542_3,
543_1,
543_2,
543_3,
544_1,
544_2,
544_3,
545_1,
545_2,
545_3,
546_1,
546_2,
546_3,
547_1,
547_2,
547_3,
548_1,
548_2,
548_3,
549_1,
549_2,
549_3,
550_1,
550_2,
550_3,
551_1,
551_2,
551_3,
552_1,
552_2,
552_3,
553_1,
553_2,
553_3,
554_1,
554_2,
554_3,
555_1,
555_2,
555_3,
556_1,
556_2,
556_3,
557_1,
557_2,
557_3,
558_1,
558_2,
558_3,
559_1,
559_2,
559_3,
560_1,
560_2,
560_3,
561_1,
561_2,
561_3,
562_1,
562_2,
562_3,
563_1,
563_2,
563_3,
564_1,
564_2,
564_3,
565_1,
565_2,
565_3,
566_1,
566_2,
566_3,
567_1,
567_2,
567_3,
568_1,
568_2,
568_3,
569_1,
569_2,
569_3,
570_1,
570_2,
570_3,
571_1,
571_2,
571_3,
572_1,
572_2,
572_3,
573_1,
573_2,
573_3,
574_1,
574_2,
574_3,
575_1,
575_2,
575_3,
576_1,
576_2,
576_3,
577_1,
577_2,
577_3,
578_1,
578_2,
578_3,
579_1,
579_2,
579_3,
580_1,
580_2,
580_3,
581_1,
581_2,
581_3,
582_1,
582_2,
582_3,
583_1,
583_2,
583_3,
584_1,
584_2,
584_3,
585_1,
585_2,
585_3,
586_1,
586_2,
586_3,
587_1,
587_2,
587_3,
588_1,
588_2,
588_3,
589_1,
589_2,
589_3,
590_1,
590_2,
590_3,
591_1,
591_2,
591_3,
592_1,
592_2,
592_3,
593_1,
593_2,
593_3,
594_1,
594_2,
594_3,
595_1,
595_2,
595_3,
596_1,
596_2,
596_3,
597_1,
597_2,
597_3,
598_1,
598_2,
598_3,
599_1,
599_2,
599_3,
600_1,
600_2,
600_3,
601_1,
601_2,
601_3,
602_1,
602_2,
602_3,
603_1,
603_2,
603_3,
604_1,
604_2,
604_3,
605_1,
605_2,
605_3,
606_1,
606_2,
606_3,
607_1,
607_2,
607_3,
608_1,
608_2,
608_3,
609_1,
609_2,
609_3,
610_1,
610_2,
610_3,
611_1,
611_2,
611_3,
612_1,
612_2,
612_3,
613_1,
613_2,
613_3,
614_1,
614_2,
614_3,
615_1,
615_2,
615_3,
616_1,
616_2,
616_3,
617_1,
617_2,
617_3,
618_1,
618_2,
618_3,
619_1,
619_2,
619_3,
620_1,
620_2,
620_3,
621_1,
621_2,
621_3,
622_1,
622_2,
622_3,
623_1,
623_2,
623_3,
624_1,
624_2,
624_3,
625_1,
625_2,
625_3,
626_1,
626_2,
626_3,
627_1,
627_2,
627_3,
628_1,
628_2,
628_3,
629_1,
629_2,
629_3,
630_1,
630_2,
630_3,
631_1,
631_2,
631_3,
632_1,
632_2,
632_3,
633_1,
633_2,
633_3,
634_1,
634_2,
634_3,
635_1,
635_2,
635_3,
636_1,
636_2,
636_3,
637_1,
637_2,
637_3,
638_1,
638_2,
638_3,
639_1,
639_2,
639_3,
640_1,
640_2,
640_3,
641_1,
641_2,
641_3,
642_1,
642_2,
642_3,
643_1,
643_2,
643_3,
644_1,
644_2,
644_3,
645_1,
645_2,
645_3,
646_1,
646_2,
646_3,
647_1,
647_2,
647_3,
648_1,
648_2,
648_3,
649_1,
649_2,
649_3,
650_1,
650_2,
650_3,
651_1,
651_2,
651_3,
652_1,
652_2,
652_3,
653_1,
653_2,
653_3,
654_1,
654_2,
654_3,
655_1,
655_2,
655_3,
656_1,
656_2,
656_3,
657_1,
657_2,
657_3,
658_1,
658_2,
658_3,
659_1,
659_2,
659_3,
660_1,
660_2,
660_3,
661_1,
661_2,
661_3,
662_1,
662_2,
662_3,
663_1,
663_2,
663_3,
664_1,
664_2,
664_3,
665_1,
665_2,
665_3,
666_1,
666_2,
666_3,
667_1,
667_2,
667_3,
668_1,
668_2,
668_3,
669_1,
669_2,
669_3,
670_1,
670_2,
670_3,
671_1,
671_2,
671_3,
672_1,
672_2,
672_3,
673_1,
673_2,
673_3,
674_1,
674_2,
674_3,
675_1,
675_2,
675_3,
676_1,
676_2,
676_3,
677_1,
677_2,
677_3,
678_1,
678_2,
678_3,
679_1,
679_2,
679_3,
680_1,
680_2,
680_3,
681_1,
681_2,
681_3,
682_1,
682_2,
682_3,
683_1,
683_2,
683_3,
684_1,
684_2,
684_3,
685_1,
685_2,
685_3,
686_1,
686_2,
686_3,
687_1,
687_2,
687_3,
688_1,
688_2,
688_3,
689_1,
689_2,
689_3,
690_1,
690_2,
690_3,
691_1,
691_2,
691_3,
692_1,
692_2,
692_3,
693_1,
693_2,
693_3,
694_1,
694_2,
694_3,
695_1,
695_2,
695_3,
696_1,
696_2,
696_3,
697_1,
697_2,
697_3,
698_1,
698_2,
698_3,
699_1,
699_2,
699_3,
700_1,
700_2,
700_3,
701_1,
701_2,
701_3,
702_1,
702_2,
702_3,
703_1,
703_2,
703_3,
704_1,
704_2,
704_3,
705_1,
705_2,
705_3,
706_1,
706_2,
706_3,
707_1,
707_2,
707_3,
708_1,
708_2,
708_3,
709_1,
709_2,
709_3,
710_1,
710_2,
710_3,
711_1,
711_2,
711_3,
712_1,
712_2,
712_3,
713_1,
713_2,
713_3,
714_1,
714_2,
714_3,
715_1,
715_2,
715_3,
716_1,
716_2,
716_3,
717_1,
717_2,
717_3,
718_1,
718_2,
718_3,
719_1,
719_2,
719_3,
720_1,
720_2,
720_3,
721_1,
721_2,
721_3,
722_1,
722_2,
722_3,
723_1,
723_2,
723_3,
724_1,
724_2,
724_3,
725_1,
725_2,
725_3,
726_1,
726_2,
726_3,
727_1,
727_2,
727_3,
728_1,
728_2,
728_3,
729_1,
729_2,
729_3,
730_1,
730_2,
730_3,
731_1,
731_2,
731_3,
732_1,
732_2,
732_3,
733_1,
733_2,
733_3,
734_1,
734_2,
734_3,
735_1,
735_2,
735_3,
736_1,
736_2,
736_3,
737_1,
737_2,
737_3,
738_1,
738_2,
738_3,
739_1,
739_2,
739_3,
740_1,
740_2,
740_3,
741_1,
741_2,
741_3,
742_1,
742_2,
742_3,
743_1,
743_2,
743_3,
744_1,
744_2,
744_3,
745_1,
745_2,
745_3,
746_1,
746_2,
746_3,
747_1,
747_2,
747_3,
748_1,
748_2,
748_3,
749_1,
749_2,
749_3,
750_1,
750_2,
750_3,
751_1,
751_2,
751_3,
752_1,
752_2,
752_3,
753_1,
753_2,
753_3,
754_1,
754_2,
754_3,
755_1,
755_2,
755_3,
756_1,
756_2,
756_3,
757_1,
757_2,
757_3,
758_1,
758_2,
758_3,
759_1,
759_2,
759_3,
760_1,
760_2,
760_3,
761_1,
761_2,
761_3,
762_1,
762_2,
762_3,
763_1,
763_2,
763_3,
764_1,
764_2,
764_3,
765_1,
765_2,
765_3,
766_1,
766_2,
766_3,
767_1,
767_2,
767_3,
768_1,
768_2,
768_3,
769_1,
769_2,
769_3,
770_1,
770_2,
770_3,
771_1,
771_2,
771_3,
772_1,
772_2,
772_3,
773_1,
773_2,
773_3,
774_1,
774_2,
774_3,
775_1,
775_2,
775_3,
776_1,
776_2,
776_3,
777_1,
777_2,
777_3,
778_1,
778_2,
778_3,
779_1,
779_2,
779_3,
780_1,
780_2,
780_3,
781_1,
781_2,
781_3,
782_1,
782_2,
782_3,
783_1,
783_2,
783_3,
784_1,
784_2,
784_3,
785_1,
785_2,
785_3,
786_1,
786_2,
786_3,
787_1,
787_2,
787_3,
788_1,
788_2,
788_3,
789_1,
789_2,
789_3,
790_1,
790_2,
790_3,
791_1,
791_2,
791_3,
792_1,
792_2,
792_3,
793_1,
793_2,
793_3,
794_1,
794_2,
794_3,
795_1,
795_2,
795_3,
796_1,
796_2,
796_3,
797_1,
797_2,
797_3,
798_1,
798_2,
798_3,
799_1,
799_2,
799_3,
800_1,
800_2,
800_3,
801_1,
801_2,
801_3,
802_1,
802_2,
802_3,
803_1,
803_2,
803_3,
804_1,
804_2,
804_3,
805_1,
805_2,
805_3,
806_1,
806_2,
806_3,
807_1,
807_2,
807_3,
808_1,
808_2,
808_3,
809_1,
809_2,
809_3,
810_1,
810_2,
810_3,
811_1,
811_2,
811_3,
812_1,
812_2,
812_3,
813_1,
813_2,
813_3,
814_1,
814_2,
814_3,
815_1,
815_2,
815_3,
816_1,
816_2,
816_3,
817_1,
817_2,
817_3,
818_1,
818_2,
818_3,
819_1,
819_2,
819_3,
820_1,
820_2,
820_3,
821_1,
821_2,
821_3,
822_1,
822_2,
822_3,
823_1,
823_2,
823_3,
824_1,
824_2,
824_3,
825_1,
825_2,
825_3,
826_1,
826_2,
826_3,
827_1,
827_2,
827_3,
828_1,
828_2,
828_3,
829_1,
829_2,
829_3,
830_1,
830_2,
830_3,
831_1,
831_2,
831_3,
832_1,
832_2,
832_3,
833_1,
833_2,
833_3,
834_1,
834_2,
834_3,
835_1,
835_2,
835_3,
836_1,
836_2,
836_3,
837_1,
837_2,
837_3,
838_1,
838_2,
838_3,
839_1,
839_2,
839_3,
840_1,
840_2,
840_3,
841_1,
841_2,
841_3,
842_1,
842_2,
842_3,
843_1,
843_2,
843_3,
844_1,
844_2,
844_3,
845_1,
845_2,
845_3,
846_1,
846_2,
846_3,
847_1,
847_2,
847_3,
848_1,
848_2,
848_3,
849_1,
849_2,
849_3,
850_1,
850_2,
850_3,
851_1,
851_2,
851_3,
852_1,
852_2,
852_3,
853_1,
853_2,
853_3,
854_1,
854_2,
854_3,
855_1,
855_2,
855_3,
856_1,
856_2,
856_3,
857_1,
857_2,
857_3,
858_1,
858_2,
858_3,
859_1,
859_2,
859_3,
860_1,
860_2,
860_3,
861_1,
861_2,
861_3,
862_1,
862_2,
862_3,
863_1,
863_2,
863_3,
864_1,
864_2,
864_3,
865_1,
865_2,
865_3,
866_1,
866_2,
866_3,
867_1,
867_2,
867_3,
868_1,
868_2,
868_3,
869_1,
869_2,
869_3,
870_1,
870_2,
870_3,
871_1,
871_2,
871_3,
872_1,
872_2,
872_3,
873_1,
873_2,
873_3,
874_1,
874_2,
874_3,
875_1,
875_2,
875_3,
876_1,
876_2,
876_3,
877_1,
877_2,
877_3,
878_1,
878_2,
878_3,
879_1,
879_2,
879_3,
880_1,
880_2,
880_3,
881_1,
881_2,
881_3,
882_1,
882_2,
882_3,
883_1,
883_2,
883_3,
884_1,
884_2,
884_3,
885_1,
885_2,
885_3,
886_1,
886_2,
886_3,
887_1,
887_2,
887_3,
888_1,
888_2,
888_3,
889_1,
889_2,
889_3,
890_1,
890_2,
890_3,
891_1,
891_2,
891_3,
892_1,
892_2,
892_3,
893_1,
893_2,
893_3,
894_1,
894_2,
894_3,
895_1,
895_2,
895_3,
896_1,
896_2,
896_3,
897_1,
897_2,
897_3,
898_1,
898_2,
898_3,
899_1,
899_2,
899_3,
900_1,
900_2,
900_3,
901_1,
901_2,
901_3,
902_1,
902_2,
902_3,
903_1,
903_2,
903_3,
904_1,
904_2,
904_3,
905_1,
905_2,
905_3,
906_1,
906_2,
906_3,
907_1,
907_2,
907_3,
908_1,
908_2,
908_3,
909_1,
909_2,
909_3,
910_1,
910_2,
910_3,
911_1,
911_2,
911_3,
912_1,
912_2,
912_3,
913_1,
913_2,
913_3,
914_1,
914_2,
914_3,
915_1,
915_2,
915_3,
916_1,
916_2,
916_3,
917_1,
917_2,
917_3,
918_1,
918_2,
918_3,
919_1,
919_2,
919_3,
920_1,
920_2,
920_3,
921_1,
921_2,
921_3,
922_1,
922_2,
922_3,
923_1,
923_2,
923_3,
924_1,
924_2,
924_3,
925_1,
925_2,
925_3,
926_1,
926_2,
926_3,
927_1,
927_2,
927_3,
928_1,
928_2,
928_3,
929_1,
929_2,
929_3,
930_1,
930_2,
930_3,
931_1,
931_2,
931_3,
932_1,
932_2,
932_3,
933_1,
933_2,
933_3,
934_1,
934_2,
934_3,
935_1,
935_2,
935_3,
936_1,
936_2,
936_3,
937_1,
937_2,
937_3,
938_1,
938_2,
938_3,
939_1,
939_2,
939_3,
940_1,
940_2,
940_3,
941_1,
941_2,
941_3,
942_1,
942_2,
942_3,
943_1,
943_2,
943_3,
944_1,
944_2,
944_3,
945_1,
945_2,
945_3,
946_1,
946_2,
946_3,
947_1,
947_2,
947_3,
948_1,
948_2,
948_3,
949_1,
949_2,
949_3,
950_1,
950_2,
950_3,
951_1,
951_2,
951_3,
952_1,
952_2,
952_3,
953_1,
953_2,
953_3,
954_1,
954_2,
954_3,
955_1,
955_2,
955_3,
956_1,
956_2,
956_3,
957_1,
957_2,
957_3,
958_1,
958_2,
958_3,
959_1,
959_2,
959_3,
960_1,
960_2,
960_3,
961_1,
961_2,
961_3,
962_1,
962_2,
962_3,
963_1,
963_2,
963_3,
964_1,
964_2,
964_3,
965_1,
965_2,
965_3,
966_1,
966_2,
966_3,
967_1,
967_2,
967_3,
968_1,
968_2,
968_3,
969_1,
969_2,
969_3,
970_1,
970_2,
970_3,
971_1,
971_2,
971_3,
972_1,
972_2,
972_3,
973_1,
973_2,
973_3,
974_1,
974_2,
974_3,
975_1,
975_2,
975_3,
976_1,
976_2,
976_3,
977_1,
977_2,
977_3,
978_1,
978_2,
978_3,
979_1,
979_2,
979_3,
980_1,
980_2,
980_3,
981_1,
981_2,
981_3,
982_1,
982_2,
982_3,
983_1,
983_2,
983_3,
984_1,
984_2,
984_3,
985_1,
985_2,
985_3,
986_1,
986_2,
986_3,
987_1,
987_2,
987_3,
988_1,
988_2,
988_3,
989_1,
989_2,
989_3,
990_1,
990_2,
990_3,
991_1,
991_2,
991_3,
992_1,
992_2,
992_3,
993_1,
993_2,
993_3,
994_1,
994_2,
994_3,
995_1,
995_2,
995_3,
996_1,
996_2,
996_3,
997_1,
997_2,
997_3,
998_1,
998_2,
998_3,
999_1,
999_2,
999_3,
1000_1,
1000_2,
1000_3,
1001_1,
1001_2,
1001_3,
1002_1,
1002_2,
1002_3,
1003_1,
1003_2,
1003_3,
1004_1,
1004_2,
1004_3,
1005_1,
1005_2,
1005_3,
1006_1,
1006_2,
1006_3,
1007_1,
1007_2,
1007_3,
1008_1,
1008_2,
1008_3,
1009_1,
1009_2,
1009_3,
1010_1,
1010_2,
1010_3,
1011_1,
1011_2,
1011_3,
1012_1,
1012_2,
1012_3,
1013_1,
1013_2,
1013_3,
1014_1,
1014_2,
1014_3,
1015_1,
1015_2,
1015_3,
1016_1,
1016_2,
1016_3,
1017_1,
1017_2,
1017_3,
1018_1,
1018_2,
1018_3,
1019_1,
1019_2,
1019_3,
1020_1,
1020_2,
1020_3,
1021_1,
1021_2,
1021_3,
1022_1,
1022_2,
1022_3,
1023_1,
1023_2,
1023_3,
1024_1,
1024_2,
1024_3,
1025_1,
1025_2,
1025_3,
1026_1,
1026_2,
1026_3,
1027_1,
1027_2,
1027_3,
1028_1,
1028_2,
1028_3,
1029_1,
1029_2,
1029_3,
1030_1,
1030_2,
1030_3,
1031_1,
1031_2,
1031_3,
1032_1,
1032_2,
1032_3,
1033_1,
1033_2,
1033_3,
1034_1,
1034_2,
1034_3,
1035_1,
1035_2,
1035_3,
1036_1,
1036_2,
1036_3,
1037_1,
1037_2,
1037_3,
1038_1,
1038_2,
1038_3,
1039_1,
1039_2,
1039_3,
1040_1,
1040_2,
1040_3,
1041_1,
1041_2,
1041_3,
1042_1,
1042_2,
1042_3,
1043_1,
1043_2,
1043_3,
1044_1,
1044_2,
1044_3,
1045_1,
1045_2,
1045_3,
1046_1,
1046_2,
1046_3,
1047_1,
1047_2,
1047_3,
1048_1,
1048_2,
1048_3,
1049_1,
1049_2,
1049_3,
1050_1,
1050_2,
1050_3,
1051_1,
1051_2,
1051_3,
1052_1,
1052_2,
1052_3,
1053_1,
1053_2,
1053_3,
1054_1,
1054_2,
1054_3,
1055_1,
1055_2,
1055_3,
1056_1,
1056_2,
1056_3,
1057_1,
1057_2,
1057_3,
1058_1,
1058_2,
1058_3,
1059_1,
1059_2,
1059_3,
1060_1,
1060_2,
1060_3,
1061_1,
1061_2,
1061_3,
1062_1,
1062_2,
1062_3,
1063_1,
1063_2,
1063_3,
1064_1,
1064_2,
1064_3,
1065_1,
1065_2,
1065_3,
1066_1,
1066_2,
1066_3,
1067_1,
1067_2,
1067_3,
1068_1,
1068_2,
1068_3,
1069_1,
1069_2,
1069_3,
1070_1,
1070_2,
1070_3,
1071_1,
1071_2,
1071_3,
1072_1,
1072_2,
1072_3,
1073_1,
1073_2,
1073_3,
1074_1,
1074_2,
1074_3,
1075_1,
1075_2,
1075_3,
1076_1,
1076_2,
1076_3,
1077_1,
1077_2,
1077_3,
1078_1,
1078_2,
1078_3,
1079_1,
1079_2,
1079_3,
1080_1,
1080_2,
1080_3,
1081_1,
1081_2,
1081_3,
1082_1,
1082_2,
1082_3,
1083_1,
1083_2,
1083_3,
1084_1,
1084_2,
1084_3,
1085_1,
1085_2,
1085_3,
1086_1,
1086_2,
1086_3,
1087_1,
1087_2,
1087_3,
1088_1,
1088_2,
1088_3,
1089_1,
1089_2,
1089_3,
1090_1,
1090_2,
1090_3,
1091_1,
1091_2,
1091_3,
1092_1,
1092_2,
1092_3,
1093_1,
1093_2,
1093_3,
1094_1,
1094_2,
1094_3,
1095_1,
1095_2,
1095_3,
1096_1,
1096_2,
1096_3,
1097_1,
1097_2,
1097_3,
1098_1,
1098_2,
1098_3,
1099_1,
1099_2,
1099_3,
1100_1,
1100_2,
1100_3,
1101_1,
1101_2,
1101_3,
1102_1,
1102_2,
1102_3,
1103_1,
1103_2,
1103_3,
1104_1,
1104_2,
1104_3,
1105_1,
1105_2,
1105_3,
1106_1,
1106_2,
1106_3,
1107_1,
1107_2,
1107_3,
1108_1,
1108_2,
1108_3,
1109_1,
1109_2,
1109_3,
1110_1,
1110_2,
1110_3,
1111_1,
1111_2,
1111_3,
1112_1,
1112_2,
1112_3,
1113_1,
1113_2,
1113_3,
1114_1,
1114_2,
1114_3,
1115_1,
1115_2,
1115_3,
1116_1,
1116_2,
1116_3,
1117_1,
1117_2,
1117_3,
1118_1,
1118_2,
1118_3,
1119_1,
1119_2,
1119_3,
1120_1,
1120_2,
1120_3,
1121_1,
1121_2,
1121_3,
1122_1,
1122_2,
1122_3,
1123_1,
1123_2,
1123_3,
1124_1,
1124_2,
1124_3,
1125_1,
1125_2,
1125_3,
1126_1,
1126_2,
1126_3,
1127_1,
1127_2,
1127_3,
1128_1,
1128_2,
1128_3,
1129_1,
1129_2,
1129_3,
1130_1,
1130_2,
1130_3,
1131_1,
1131_2,
1131_3,
1132_1,
1132_2,
1132_3,
1133_1,
1133_2,
1133_3,
1134_1,
1134_2,
1134_3,
1135_1,
1135_2,
1135_3,
1136_1,
1136_2,
1136_3,
1137_1,
1137_2,
1137_3,
1138_1,
1138_2,
1138_3,
1139_1,
1139_2,
1139_3,
1140_1,
1140_2,
1140_3,
1141_1,
1141_2,
1141_3,
1142_1,
1142_2,
1142_3,
1143_1,
1143_2,
1143_3,
1144_1,
1144_2,
1144_3,
1145_1,
1145_2,
1145_3,
1146_1,
1146_2,
1146_3,
1147_1,
1147_2,
1147_3,
1148_1,
1148_2,
1148_3,
1149_1,
1149_2,
1149_3,
1150_1,
1150_2,
1150_3,
1151_1,
1151_2,
1151_3,
1152_1,
1152_2,
1152_3,
1153_1,
1153_2,
1153_3,
1154_1,
1154_2,
1154_3,
1155_1,
1155_2,
1155_3,
1156_1,
1156_2,
1156_3,
1157_1,
1157_2,
1157_3,
1158_1,
1158_2,
1158_3,
1159_1,
1159_2,
1159_3,
1160_1,
1160_2,
1160_3,
1161_1,
1161_2,
1161_3,
1162_1,
1162_2,
1162_3,
1163_1,
1163_2,
1163_3,
1164_1,
1164_2,
1164_3,
1165_1,
1165_2,
1165_3,
1166_1,
1166_2,
1166_3,
1167_1,
1167_2,
1167_3,
1168_1,
1168_2,
1168_3,
1169_1,
1169_2,
1169_3,
1170_1,
1170_2,
1170_3,
1171_1,
1171_2,
1171_3,
1172_1,
1172_2,
1172_3,
1173_1,
1173_2,
1173_3,
1174_1,
1174_2,
1174_3,
1175_1,
1175_2,
1175_3,
1176_1,
1176_2,
1176_3,
1177_1,
1177_2,
1177_3,
1178_1,
1178_2,
1178_3,
1179_1,
1179_2,
1179_3,
1180_1,
1180_2,
1180_3,
1181_1,
1181_2,
1181_3,
1182_1,
1182_2,
1182_3,
1183_1,
1183_2,
1183_3,
1184_1,
1184_2,
1184_3,
1185_1,
1185_2,
1185_3,
1186_1,
1186_2,
1186_3,
1187_1,
1187_2,
1187_3,
1188_1,
1188_2,
1188_3,
1189_1,
1189_2,
1189_3,
1190_1,
1190_2,
1190_3,
1191_1,
1191_2,
1191_3,
1192_1,
1192_2,
1192_3,
1193_1,
1193_2,
1193_3,
1194_1,
1194_2,
1194_3,
1195_1,
1195_2,
1195_3,
1196_1,
1196_2,
1196_3,
1197_1,
1197_2,
1197_3,
1198_1,
1198_2,
1198_3,
1199_1,
1199_2,
1199_3,
1200_1,
1200_2,
1200_3,
1201_1,
1201_2,
1201_3,
1202_1,
1202_2,
1202_3,
1203_1,
1203_2,
1203_3,
1204_1,
1204_2,
1204_3,
1205_1,
1205_2,
1205_3,
1206_1,
1206_2,
1206_3,
1207_1,
1207_2,
1207_3,
1208_1,
1208_2,
1208_3,
1209_1,
1209_2,
1209_3,
1210_1,
1210_2,
1210_3,
1211_1,
1211_2,
1211_3,
1212_1,
1212_2,
1212_3,
1213_1,
1213_2,
1213_3,
1214_1,
1214_2,
1214_3,
1215_1,
1215_2,
1215_3,
1216_1,
1216_2,
1216_3,
1217_1,
1217_2,
1217_3,
1218_1,
1218_2,
1218_3,
1219_1,
1219_2,
1219_3,
1220_1,
1220_2,
1220_3,
1221_1,
1221_2,
1221_3,
1222_1,
1222_2,
1222_3,
1223_1,
1223_2,
1223_3,
1224_1,
1224_2,
1224_3,
1225_1,
1225_2,
1225_3,
1226_1,
1226_2,
1226_3,
1227_1,
1227_2,
1227_3,
1228_1,
1228_2,
1228_3,
1229_1,
1229_2,
1229_3,
1230_1,
1230_2,
1230_3,
1231_1,
1231_2,
1231_3,
1232_1,
1232_2,
1232_3,
1233_1,
1233_2,
1233_3,
1234_1,
1234_2,
1234_3,
1235_1,
1235_2,
1235_3,
1236_1,
1236_2,
1236_3,
1237_1,
1237_2,
1237_3,
1238_1,
1238_2,
1238_3,
1239_1,
1239_2,
1239_3,
1240_1,
1240_2,
1240_3,
1241_1,
1241_2,
1241_3,
1242_1,
1242_2,
1242_3,
1243_1,
1243_2,
1243_3,
1244_1,
1244_2,
1244_3,
1245_1,
1245_2,
1245_3,
1246_1,
1246_2,
1246_3,
1247_1,
1247_2,
1247_3,
1248_1,
1248_2,
1248_3,
1249_1,
1249_2,
1249_3,
1250_1,
1250_2,
1250_3,
1251_1,
1251_2,
1251_3,
1252_1,
1252_2,
1252_3,
1253_1,
1253_2,
1253_3,
1254_1,
1254_2,
1254_3,
1255_1,
1255_2,
1255_3,
1256_1,
1256_2,
1256_3,
1257_1,
1257_2,
1257_3,
1258_1,
1258_2,
1258_3,
1259_1,
1259_2,
1259_3,
1260_1,
1260_2,
1260_3,
1261_1,
1261_2,
1261_3,
1262_1,
1262_2,
1262_3,
1263_1,
1263_2,
1263_3,
1264_1,
1264_2,
1264_3,
1265_1,
1265_2,
1265_3,
1266_1,
1266_2,
1266_3,
1267_1,
1267_2,
1267_3,
1268_1,
1268_2,
1268_3,
1269_1,
1269_2,
1269_3,
1270_1,
1270_2,
1270_3,
1271_1,
1271_2,
1271_3,
1272_1,
1272_2,
1272_3,
1273_1,
1273_2,
1273_3,
1274_1,
1274_2,
1274_3,
1275_1,
1275_2,
1275_3,
1276_1,
1276_2,
1276_3,
1277_1,
1277_2,
1277_3,
1278_1,
1278_2,
1278_3,
1279_1,
1279_2,
1279_3,
1280_1,
1280_2,
1280_3,
1281_1,
1281_2,
1281_3,
1282_1,
1282_2,
1282_3,
1283_1,
1283_2,
1283_3,
1284_1,
1284_2,
1284_3,
1285_1,
1285_2,
1285_3,
1286_1,
1286_2,
1286_3,
1287_1,
1287_2,
1287_3,
1288_1,
1288_2,
1288_3,
1289_1,
1289_2,
1289_3,
1290_1,
1290_2,
1290_3,
1291_1,
1291_2,
1291_3,
1292_1,
1292_2,
1292_3,
1293_1,
1293_2,
1293_3,
1294_1,
1294_2,
1294_3,
1295_1,
1295_2,
1295_3,
1296_1,
1296_2,
1296_3,
1297_1,
1297_2,
1297_3,
1298_1,
1298_2,
1298_3,
1299_1,
1299_2,
1299_3,
1300_1,
1300_2,
1300_3,
1301_1,
1301_2,
1301_3,
1302_1,
1302_2,
1302_3,
1303_1,
1303_2,
1303_3,
1304_1,
1304_2,
1304_3,
1305_1,
1305_2,
1305_3,
1306_1,
1306_2,
1306_3,
1307_1,
1307_2,
1307_3,
1308_1,
1308_2,
1308_3,
1309_1,
1309_2,
1309_3,
1310_1,
1310_2,
1310_3,
1311_1,
1311_2,
1311_3,
1312_1,
1312_2,
1312_3,
1313_1,
1313_2,
1313_3,
1314_1,
1314_2,
1314_3,
1315_1,
1315_2,
1315_3,
1316_1,
1316_2,
1316_3,
1317_1,
1317_2,
1317_3,
1318_1,
1318_2,
1318_3,
1319_1,
1319_2,
1319_3,
1320_1,
1320_2,
1320_3,
1321_1,
1321_2,
1321_3,
1322_1,
1322_2,
1322_3,
1323_1,
1323_2,
1323_3,
1324_1,
1324_2,
1324_3,
1325_1,
1325_2,
1325_3,
1326_1,
1326_2,
1326_3,
1327_1,
1327_2,
1327_3,
1328_1,
1328_2,
1328_3,
1329_1,
1329_2,
1329_3,
1330_1,
1330_2,
1330_3,
1331_1,
1331_2,
1331_3,
1332_1,
1332_2,
1332_3,
1333_1,
1333_2,
1333_3,
1334_1,
1334_2,
1334_3,
1335_1,
1335_2,
1335_3,
1336_1,
1336_2,
1336_3,
1337_1,
1337_2,
1337_3,
1338_1,
1338_2,
1338_3,
1339_1,
1339_2,
1339_3,
1340_1,
1340_2,
1340_3,
1341_1,
1341_2,
1341_3,
1342_1,
1342_2,
1342_3,
1343_1,
1343_2,
1343_3,
1344_1,
1344_2,
1344_3,
1345_1,
1345_2,
1345_3,
1346_1,
1346_2,
1346_3,
1347_1,
1347_2,
1347_3,
1348_1,
1348_2,
1348_3,
1349_1,
1349_2,
1349_3,
1350_1,
1350_2,
1350_3,
1351_1,
1351_2,
1351_3,
1352_1,
1352_2,
1352_3,
1353_1,
1353_2,
1353_3,
1354_1,
1354_2,
1354_3,
1355_1,
1355_2,
1355_3,
1356_1,
1356_2,
1356_3,
1357_1,
1357_2,
1357_3,
1358_1,
1358_2,
1358_3,
1359_1,
1359_2,
1359_3,
1360_1,
1360_2,
1360_3,
1361_1,
1361_2,
1361_3,
1362_1,
1362_2,
1362_3,
1363_1,
1363_2,
1363_3,
1364_1,
1364_2,
1364_3,
1365_1,
1365_2,
1365_3,
1366_1,
1366_2,
1366_3,
1367_1,
1367_2,
1367_3,
1368_1,
1368_2,
1368_3,
1369_1,
1369_2,
1369_3,
1370_1,
1370_2,
1370_3,
1371_1,
1371_2,
1371_3,
1372_1,
1372_2,
1372_3,
1373_1,
1373_2,
1373_3,
1374_1,
1374_2,
1374_3,
1375_1,
1375_2,
1375_3,
1376_1,
1376_2,
1376_3,
1377_1,
1377_2,
1377_3,
1378_1,
1378_2,
1378_3,
1379_1,
1379_2,
1379_3,
1380_1,
1380_2,
1380_3,
1381_1,
1381_2,
1381_3,
1382_1,
1382_2,
1382_3,
1383_1,
1383_2,
1383_3,
1384_1,
1384_2,
1384_3,
1385_1,
1385_2,
1385_3,
1386_1,
1386_2,
1386_3,
1387_1,
1387_2,
1387_3,
1388_1,
1388_2,
1388_3,
1389_1,
1389_2,
1389_3,
1390_1,
1390_2,
1390_3,
1391_1,
1391_2,
1391_3,
1392_1,
1392_2,
1392_3,
1393_1,
1393_2,
1393_3,
1394_1,
1394_2,
1394_3,
1395_1,
1395_2,
1395_3,
1396_1,
1396_2,
1396_3,
1397_1,
1397_2,
1397_3,
1398_1,
1398_2,
1398_3,
1399_1,
1399_2,
1399_3,
1400_1,
1400_2,
1400_3,
1401_1,
1401_2,
1401_3,
1402_1,
1402_2,
1402_3,
1403_1,
1403_2,
1403_3,
1404_1,
1404_2,
1404_3,
1405_1,
1405_2,
1405_3,
1406_1,
1406_2,
1406_3,
1407_1,
1407_2,
1407_3,
1408_1,
1408_2,
1408_3,
1409_1,
1409_2,
1409_3,
1410_1,
1410_2,
1410_3,
1411_1,
1411_2,
1411_3,
1412_1,
1412_2,
1412_3,
1413_1,
1413_2,
1413_3,
1414_1,
1414_2,
1414_3,
1415_1,
1415_2,
1415_3,
1416_1,
1416_2,
1416_3,
1417_1,
1417_2,
1417_3,
1418_1,
1418_2,
1418_3,
1419_1,
1419_2,
1419_3,
1420_1,
1420_2,
1420_3,
1421_1,
1421_2,
1421_3,
1422_1,
1422_2,
1422_3,
1423_1,
1423_2,
1423_3,
1424_1,
1424_2,
1424_3,
1425_1,
1425_2,
1425_3,
1426_1,
1426_2,
1426_3,
1427_1,
1427_2,
1427_3,
1428_1,
1428_2,
1428_3,
1429_1,
1429_2,
1429_3,
1430_1,
1430_2,
1430_3,
1431_1,
1431_2,
1431_3,
1432_1,
1432_2,
1432_3,
1433_1,
1433_2,
1433_3,
1434_1,
1434_2,
1434_3,
1435_1,
1435_2,
1435_3,
1436_1,
1436_2,
1436_3,
1437_1,
1437_2,
1437_3,
1438_1,
1438_2,
1438_3,
1439_1,
1439_2,
1439_3,
1440_1,
1440_2,
1440_3,
1441_1,
1441_2,
1441_3,
1442_1,
1442_2,
1442_3,
1443_1,
1443_2,
1443_3,
1444_1,
1444_2,
1444_3,
1445_1,
1445_2,
1445_3,
1446_1,
1446_2,
1446_3,
1447_1,
1447_2,
1447_3,
1448_1,
1448_2,
1448_3,
1449_1,
1449_2,
1449_3,
1450_1,
1450_2,
1450_3,
1451_1,
1451_2,
1451_3,
1452_1,
1452_2,
1452_3,
1453_1,
1453_2,
1453_3,
1454_1,
1454_2,
1454_3,
1455_1,
1455_2,
1455_3,
1456_1,
1456_2,
1456_3,
1457_1,
1457_2,
1457_3,
1458_1,
1458_2,
1458_3,
1459_1,
1459_2,
1459_3,
1460_1,
1460_2,
1460_3,
1461_1,
1461_2,
1461_3,
1462_1,
1462_2,
1462_3,
1463_1,
1463_2,
1463_3,
1464_1,
1464_2,
1464_3,
1465_1,
1465_2,
1465_3,
1466_1,
1466_2,
1466_3,
1467_1,
1467_2,
1467_3,
1468_1,
1468_2,
1468_3,
1469_1,
1469_2,
1469_3,
1470_1,
1470_2,
1470_3,
1471_1,
1471_2,
1471_3,
1472_1,
1472_2,
1472_3,
1473_1,
1473_2,
1473_3,
1474_1,
1474_2,
1474_3,
1475_1,
1475_2,
1475_3,
1476_1,
1476_2,
1476_3,
1477_1,
1477_2,
1477_3,
1478_1,
1478_2,
1478_3,
1479_1,
1479_2,
1479_3,
1480_1,
1480_2,
1480_3,
1481_1,
1481_2,
1481_3,
1482_1,
1482_2,
1482_3,
1483_1,
1483_2,
1483_3,
1484_1,
1484_2,
1484_3,
1485_1,
1485_2,
1485_3,
1486_1,
1486_2,
1486_3,
1487_1,
1487_2,
1487_3,
1488_1,
1488_2,
1488_3,
1489_1,
1489_2,
1489_3,
1490_1,
1490_2,
1490_3,
1491_1,
1491_2,
1491_3,
1492_1,
1492_2,
1492_3,
1493_1,
1493_2,
1493_3,
1494_1,
1494_2,
1494_3,
1495_1,
1495_2,
1495_3,
1496_1,
1496_2,
1496_3,
1497_1,
1497_2,
1497_3,
1498_1,
1498_2,
1498_3,
1499_1,
1499_2,
1499_3,
1500_1,
1500_2,
1500_3,
1501_1,
1501_2,
1501_3,
1502_1,
1502_2,
1502_3,
1503_1,
1503_2,
1503_3,
1504_1,
1504_2,
1504_3,
1505_1,
1505_2,
1505_3,
1506_1,
1506_2,
1506_3,
1507_1,
1507_2,
1507_3,
1508_1,
1508_2,
1508_3,
1509_1,
1509_2,
1509_3,
1510_1,
1510_2,
1510_3,
1511_1,
1511_2,
1511_3,
1512_1,
1512_2,
1512_3,
1513_1,
1513_2,
1513_3,
1514_1,
1514_2,
1514_3,
1515_1,
1515_2,
1515_3,
1516_1,
1516_2,
1516_3,
1517_1,
1517_2,
1517_3,
1518_1,
1518_2,
1518_3,
1519_1,
1519_2,
1519_3,
1520_1,
1520_2,
1520_3,
1521_1,
1521_2,
1521_3,
1522_1,
1522_2,
1522_3,
1523_1,
1523_2,
1523_3,
1524_1,
1524_2,
1524_3,
1525_1,
1525_2,
1525_3,
1526_1,
1526_2,
1526_3,
1527_1,
1527_2,
1527_3,
1528_1,
1528_2,
1528_3,
1529_1,
1529_2,
1529_3,
1530_1,
1530_2,
1530_3,
1531_1,
1531_2,
1531_3,
1532_1,
1532_2,
1532_3,
1533_1,
1533_2,
1533_3,
1534_1,
1534_2,
1534_3,
1535_1,
1535_2,
1535_3,
1536_1,
1536_2,
1536_3,
1537_1,
1537_2,
1537_3,
1538_1,
1538_2,
1538_3,
1539_1,
1539_2,
1539_3,
1540_1,
1540_2,
1540_3,
1541_1,
1541_2,
1541_3,
1542_1,
1542_2,
1542_3,
1543_1,
1543_2,
1543_3,
1544_1,
1544_2,
1544_3,
1545_1,
1545_2,
1545_3,
1546_1,
1546_2,
1546_3,
1547_1,
1547_2,
1547_3,
1548_1,
1548_2,
1548_3,
1549_1,
1549_2,
1549_3,
1550_1,
1550_2,
1550_3,
1551_1,
1551_2,
1551_3,
1552_1,
1552_2,
1552_3,
1553_1,
1553_2,
1553_3,
1554_1,
1554_2,
1554_3,
1555_1,
1555_2,
1555_3,
1556_1,
1556_2,
1556_3,
1557_1,
1557_2,
1557_3,
1558_1,
1558_2,
1558_3,
1559_1,
1559_2,
1559_3,
1560_1,
1560_2,
1560_3,
1561_1,
1561_2,
1561_3,
1562_1,
1562_2,
1562_3,
1563_1,
1563_2,
1563_3,
1564_1,
1564_2,
1564_3,
1565_1,
1565_2,
1565_3,
1566_1,
1566_2,
1566_3,
1567_1,
1567_2,
1567_3,
1568_1,
1568_2,
1568_3,
1569_1,
1569_2,
1569_3,
1570_1,
1570_2,
1570_3,
1571_1,
1571_2,
1571_3,
1572_1,
1572_2,
1572_3,
1573_1,
1573_2,
1573_3,
1574_1,
1574_2,
1574_3,
1575_1,
1575_2,
1575_3,
1576_1,
1576_2,
1576_3,
1577_1,
1577_2,
1577_3,
1578_1,
1578_2,
1578_3,
1579_1,
1579_2,
1579_3,
1580_1,
1580_2,
1580_3,
1581_1,
1581_2,
1581_3,
1582_1,
1582_2,
1582_3,
1583_1,
1583_2,
1583_3,
1584_1,
1584_2,
1584_3,
1585_1,
1585_2,
1585_3,
1586_1,
1586_2,
1586_3,
1587_1,
1587_2,
1587_3,
1588_1,
1588_2,
1588_3,
1589_1,
1589_2,
1589_3,
1590_1,
1590_2,
1590_3,
1591_1,
1591_2,
1591_3,
1592_1,
1592_2,
1592_3,
1593_1,
1593_2,
1593_3,
1594_1,
1594_2,
1594_3,
1595_1,
1595_2,
1595_3,
1596_1,
1596_2,
1596_3,
1597_1,
1597_2,
1597_3,
1598_1,
1598_2,
1598_3,
1599_1,
1599_2,
1599_3,
1600_1,
1600_2,
1600_3,
1601_1,
1601_2,
1601_3,
1602_1,
1602_2,
1602_3,
1603_1,
1603_2,
1603_3,
1604_1,
1604_2,
1604_3,
1605_1,
1605_2,
1605_3,
1606_1,
1606_2,
1606_3,
1607_1,
1607_2,
1607_3,
1608_1,
1608_2,
1608_3,
1609_1,
1609_2,
1609_3,
1610_1,
1610_2,
1610_3,
1611_1,
1611_2,
1611_3,
1612_1,
1612_2,
1612_3,
1613_1,
1613_2,
1613_3,
1614_1,
1614_2,
1614_3,
1615_1,
1615_2,
1615_3,
1616_1,
1616_2,
1616_3,
1617_1,
1617_2,
1617_3,
1618_1,
1618_2,
1618_3,
1619_1,
1619_2,
1619_3,
1620_1,
1620_2,
1620_3,
1621_1,
1621_2,
1621_3,
1622_1,
1622_2,
1622_3,
1623_1,
1623_2,
1623_3,
1624_1,
1624_2,
1624_3,
1625_1,
1625_2,
1625_3,
1626_1,
1626_2,
1626_3,
1627_1,
1627_2,
1627_3,
1628_1,
1628_2,
1628_3,
1629_1,
1629_2,
1629_3,
1630_1,
1630_2,
1630_3,
1631_1,
1631_2,
1631_3,
1632_1,
1632_2,
1632_3,
1633_1,
1633_2,
1633_3,
1634_1,
1634_2,
1634_3,
1635_1,
1635_2,
1635_3,
1636_1,
1636_2,
1636_3,
1637_1,
1637_2,
1637_3,
1638_1,
1638_2,
1638_3,
1639_1,
1639_2,
1639_3,
1640_1,
1640_2,
1640_3,
1641_1,
1641_2,
1641_3,
1642_1,
1642_2,
1642_3,
1643_1,
1643_2,
1643_3,
1644_1,
1644_2,
1644_3,
1645_1,
1645_2,
1645_3,
1646_1,
1646_2,
1646_3,
1647_1,
1647_2,
1647_3,
1648_1,
1648_2,
1648_3,
1649_1,
1649_2,
1649_3,
1650_1,
1650_2,
1650_3,
1651_1,
1651_2,
1651_3,
1652_1,
1652_2,
1652_3,
1653_1,
1653_2,
1653_3,
1654_1,
1654_2,
1654_3,
1655_1,
1655_2,
1655_3,
1656_1,
1656_2,
1656_3,
1657_1,
1657_2,
1657_3,
1658_1,
1658_2,
1658_3,
1659_1,
1659_2,
1659_3,
1660_1,
1660_2,
1660_3,
1661_1,
1661_2,
1661_3,
1662_1,
1662_2,
1662_3,
1663_1,
1663_2,
1663_3,
1664_1,
1664_2,
1664_3,
1665_1,
1665_2,
1665_3,
1666_1,
1666_2,
1666_3,
1667_1,
1667_2,
1667_3,
1668_1,
1668_2,
1668_3,
1669_1,
1669_2,
1669_3,
1670_1,
1670_2,
1670_3,
1671_1,
1671_2,
1671_3,
1672_1,
1672_2,
1672_3,
1673_1,
1673_2,
1673_3,
1674_1,
1674_2,
1674_3,
1675_1,
1675_2,
1675_3,
1676_1,
1676_2,
1676_3,
1677_1,
1677_2,
1677_3,
1678_1,
1678_2,
1678_3,
1679_1,
1679_2,
1679_3,
1680_1,
1680_2,
1680_3,
1681_1,
1681_2,
1681_3,
1682_1,
1682_2,
1682_3,
1683_1,
1683_2,
1683_3,
1684_1,
1684_2,
1684_3,
1685_1,
1685_2,
1685_3,
1686_1,
1686_2,
1686_3,
1687_1,
1687_2,
1687_3,
1688_1,
1688_2,
1688_3,
1689_1,
1689_2,
1689_3,
1690_1,
1690_2,
1690_3,
1691_1,
1691_2,
1691_3,
1692_1,
1692_2,
1692_3,
1693_1,
1693_2,
1693_3,
1694_1,
1694_2,
1694_3,
1695_1,
1695_2,
1695_3,
1696_1,
1696_2,
1696_3,
1697_1,
1697_2,
1697_3,
1698_1,
1698_2,
1698_3,
1699_1,
1699_2,
1699_3,
1700_1,
1700_2,
1700_3,
1701_1,
1701_2,
1701_3,
1702_1,
1702_2,
1702_3,
1703_1,
1703_2,
1703_3,
1704_1,
1704_2,
1704_3,
1705_1,
1705_2,
1705_3,
1706_1,
1706_2,
1706_3,
1707_1,
1707_2,
1707_3,
1708_1,
1708_2,
1708_3,
1709_1,
1709_2,
1709_3,
1710_1,
1710_2,
1710_3,
1711_1,
1711_2,
1711_3,
1712_1,
1712_2,
1712_3,
1713_1,
1713_2,
1713_3,
1714_1,
1714_2,
1714_3,
1715_1,
1715_2,
1715_3,
1716_1,
1716_2,
1716_3,
1717_1,
1717_2,
1717_3,
1718_1,
1718_2,
1718_3,
1719_1,
1719_2,
1719_3,
1720_1,
1720_2,
1720_3,
1721_1,
1721_2,
1721_3,
1722_1,
1722_2,
1722_3,
1723_1,
1723_2,
1723_3,
1724_1,
1724_2,
1724_3,
1725_1,
1725_2,
1725_3,
1726_1,
1726_2,
1726_3,
1727_1,
1727_2,
1727_3,
1728_1,
1728_2,
1728_3,
1729_1,
1729_2,
1729_3,
1730_1,
1730_2,
1730_3,
1731_1,
1731_2,
1731_3,
1732_1,
1732_2,
1732_3,
1733_1,
1733_2,
1733_3,
1734_1,
1734_2,
1734_3,
1735_1,
1735_2,
1735_3,
1736_1,
1736_2,
1736_3,
1737_1,
1737_2,
1737_3,
1738_1,
1738_2,
1738_3,
1739_1,
1739_2,
1739_3,
1740_1,
1740_2,
1740_3,
1741_1,
1741_2,
1741_3,
1742_1,
1742_2,
1742_3,
1743_1,
1743_2,
1743_3,
1744_1,
1744_2,
1744_3,
1745_1,
1745_2,
1745_3,
1746_1,
1746_2,
1746_3,
1747_1,
1747_2,
1747_3,
1748_1,
1748_2,
1748_3,
1749_1,
1749_2,
1749_3,
1750_1,
1750_2,
1750_3,
1751_1,
1751_2,
1751_3,
1752_1,
1752_2,
1752_3,
1753_1,
1753_2,
1753_3,
1754_1,
1754_2,
1754_3,
1755_1,
1755_2,
1755_3,
1756_1,
1756_2,
1756_3,
1757_1,
1757_2,
1757_3,
1758_1,
1758_2,
1758_3,
1759_1,
1759_2,
1759_3,
1760_1,
1760_2,
1760_3,
1761_1,
1761_2,
1761_3,
1762_1,
1762_2,
1762_3,
1763_1,
1763_2,
1763_3,
1764_1,
1764_2,
1764_3,
1765_1,
1765_2,
1765_3,
1766_1,
1766_2,
1766_3,
1767_1,
1767_2,
1767_3,
1768_1,
1768_2,
1768_3,
1769_1,
1769_2,
1769_3,
1770_1,
1770_2,
1770_3,
1771_1,
1771_2,
1771_3,
1772_1,
1772_2,
1772_3,
1773_1,
1773_2,
1773_3,
1774_1,
1774_2,
1774_3,
1775_1,
1775_2,
1775_3,
1776_1,
1776_2,
1776_3,
1777_1,
1777_2,
1777_3,
1778_1,
1778_2,
1778_3,
1779_1,
1779_2,
1779_3,
1780_1,
1780_2,
1780_3,
1781_1,
1781_2,
1781_3,
1782_1,
1782_2,
1782_3,
1783_1,
1783_2,
1783_3,
1784_1,
1784_2,
1784_3,
1785_1,
1785_2,
1785_3,
1786_1,
1786_2,
1786_3,
1787_1,
1787_2,
1787_3,
1788_1,
1788_2,
1788_3,
1789_1,
1789_2,
1789_3,
1790_1,
1790_2,
1790_3,
1791_1,
1791_2,
1791_3,
1792_1,
1792_2,
1792_3,
1793_1,
1793_2,
1793_3,
1794_1,
1794_2,
1794_3,
1795_1,
1795_2,
1795_3,
1796_1,
1796_2,
1796_3,
1797_1,
1797_2,
1797_3,
1798_1,
1798_2,
1798_3,
1799_1,
1799_2,
1799_3,
1800_1,
1800_2,
1800_3,
1801_1,
1801_2,
1801_3,
1802_1,
1802_2,
1802_3,
1803_1,
1803_2,
1803_3,
1804_1,
1804_2,
1804_3,
1805_1,
1805_2,
1805_3,
1806_1,
1806_2,
1806_3,
1807_1,
1807_2,
1807_3,
1808_1,
1808_2,
1808_3,
1809_1,
1809_2,
1809_3,
1810_1,
1810_2,
1810_3,
1811_1,
1811_2,
1811_3,
1812_1,
1812_2,
1812_3,
1813_1,
1813_2,
1813_3,
1814_1,
1814_2,
1814_3,
1815_1,
1815_2,
1815_3,
1816_1,
1816_2,
1816_3,
1817_1,
1817_2,
1817_3,
1818_1,
1818_2,
1818_3,
1819_1,
1819_2,
1819_3,
1820_1,
1820_2,
1820_3,
1821_1,
1821_2,
1821_3,
1822_1,
1822_2,
1822_3,
1823_1,
1823_2,
1823_3,
1824_1,
1824_2,
1824_3,
1825_1,
1825_2,
1825_3,
1826_1,
1826_2,
1826_3,
1827_1,
1827_2,
1827_3,
1828_1,
1828_2,
1828_3,
1829_1,
1829_2,
1829_3,
1830_1,
1830_2,
1830_3,
1831_1,
1831_2,
1831_3,
1832_1,
1832_2,
1832_3,
1833_1,
1833_2,
1833_3,
1834_1,
1834_2,
1834_3,
1835_1,
1835_2,
1835_3,
1836_1,
1836_2,
1836_3,
1837_1,
1837_2,
1837_3,
1838_1,
1838_2,
1838_3,
1839_1,
1839_2,
1839_3,
1840_1,
1840_2,
1840_3,
1841_1,
1841_2,
1841_3,
1842_1,
1842_2,
1842_3,
1843_1,
1843_2,
1843_3,
1844_1,
1844_2,
1844_3,
1845_1,
1845_2,
1845_3,
1846_1,
1846_2,
1846_3,
1847_1,
1847_2,
1847_3,
1848_1,
1848_2,
1848_3,
1849_1,
1849_2,
1849_3,
1850_1,
1850_2,
1850_3,
1851_1,
1851_2,
1851_3,
1852_1,
1852_2,
1852_3,
1853_1,
1853_2,
1853_3,
1854_1,
1854_2,
1854_3,
1855_1,
1855_2,
1855_3,
1856_1,
1856_2,
1856_3,
1857_1,
1857_2,
1857_3,
1858_1,
1858_2,
1858_3,
1859_1,
1859_2,
1859_3,
1860_1,
1860_2,
1860_3,
1861_1,
1861_2,
1861_3,
1862_1,
1862_2,
1862_3,
1863_1,
1863_2,
1863_3,
1864_1,
1864_2,
1864_3,
1865_1,
1865_2,
1865_3,
1866_1,
1866_2,
1866_3,
1867_1,
1867_2,
1867_3,
1868_1,
1868_2,
1868_3,
1869_1,
1869_2,
1869_3,
1870_1,
1870_2,
1870_3,
1871_1,
1871_2,
1871_3,
1872_1,
1872_2,
1872_3,
1873_1,
1873_2,
1873_3,
1874_1,
1874_2,
1874_3,
1875_1,
1875_2,
1875_3,
1876_1,
1876_2,
1876_3,
1877_1,
1877_2,
1877_3,
1878_1,
1878_2,
1878_3,
1879_1,
1879_2,
1879_3,
1880_1,
1880_2,
1880_3,
1881_1,
1881_2,
1881_3,
1882_1,
1882_2,
1882_3,
1883_1,
1883_2,
1883_3,
1884_1,
1884_2,
1884_3,
1885_1,
1885_2,
1885_3,
1886_1,
1886_2,
1886_3,
1887_1,
1887_2,
1887_3,
1888_1,
1888_2,
1888_3,
1889_1,
1889_2,
1889_3,
1890_1,
1890_2,
1890_3,
1891_1,
1891_2,
1891_3,
1892_1,
1892_2,
1892_3,
1893_1,
1893_2,
1893_3,
1894_1,
1894_2,
1894_3,
1895_1,
1895_2,
1895_3,
1896_1,
1896_2,
1896_3,
1897_1,
1897_2,
1897_3,
1898_1,
1898_2,
1898_3,
1899_1,
1899_2,
1899_3,
1900_1,
1900_2,
1900_3,
1901_1,
1901_2,
1901_3,
1902_1,
1902_2,
1902_3,
1903_1,
1903_2,
1903_3,
1904_1,
1904_2,
1904_3,
1905_1,
1905_2,
1905_3,
1906_1,
1906_2,
1906_3,
1907_1,
1907_2,
1907_3,
1908_1,
1908_2,
1908_3,
1909_1,
1909_2,
1909_3,
1910_1,
1910_2,
1910_3,
1911_1,
1911_2,
1911_3,
1912_1,
1912_2,
1912_3,
1913_1,
1913_2,
1913_3,
1914_1,
1914_2,
1914_3,
1915_1,
1915_2,
1915_3,
1916_1,
1916_2,
1916_3,
1917_1,
1917_2,
1917_3,
1918_1,
1918_2,
1918_3,
1919_1,
1919_2,
1919_3,
1920_1,
1920_2,
1920_3,
1921_1,
1921_2,
1921_3,
1922_1,
1922_2,
1922_3,
1923_1,
1923_2,
1923_3,
1924_1,
1924_2,
1924_3,
1925_1,
1925_2,
1925_3,
1926_1,
1926_2,
1926_3,
1927_1,
1927_2,
1927_3,
1928_1,
1928_2,
1928_3,
1929_1,
1929_2,
1929_3,
1930_1,
1930_2,
1930_3,
1931_1,
1931_2,
1931_3,
1932_1,
1932_2,
1932_3,
1933_1,
1933_2,
1933_3,
1934_1,
1934_2,
1934_3,
1935_1,
1935_2,
1935_3,
1936_1,
1936_2,
1936_3,
1937_1,
1937_2,
1937_3,
1938_1,
1938_2,
1938_3,
1939_1,
1939_2,
1939_3,
1940_1,
1940_2,
1940_3,
1941_1,
1941_2,
1941_3,
1942_1,
1942_2,
1942_3,
1943_1,
1943_2,
1943_3,
1944_1,
1944_2,
1944_3,
1945_1,
1945_2,
1945_3,
1946_1,
1946_2,
1946_3,
1947_1,
1947_2,
1947_3,
1948_1,
1948_2,
1948_3,
1949_1,
1949_2,
1949_3,
1950_1,
1950_2,
1950_3,
1951_1,
1951_2,
1951_3,
1952_1,
1952_2,
1952_3,
1953_1,
1953_2,
1953_3,
1954_1,
1954_2,
1954_3,
1955_1,
1955_2,
1955_3,
1956_1,
1956_2,
1956_3,
1957_1,
1957_2,
1957_3,
1958_1,
1958_2,
1958_3,
1959_1,
1959_2,
1959_3,
1960_1,
1960_2,
1960_3,
1961_1,
1961_2,
1961_3,
1962_1,
1962_2,
1962_3,
1963_1,
1963_2,
1963_3,
1964_1,
1964_2,
1964_3,
1965_1,
1965_2,
1965_3,
1966_1,
1966_2,
1966_3,
1967_1,
1967_2,
1967_3,
1968_1,
1968_2,
1968_3,
1969_1,
1969_2,
1969_3,
1970_1,
1970_2,
1970_3,
1971_1,
1971_2,
1971_3,
1972_1,
1972_2,
1972_3,
1973_1,
1973_2,
1973_3,
1974_1,
1974_2,
1974_3,
1975_1,
1975_2,
1975_3,
1976_1,
1976_2,
1976_3,
1977_1,
1977_2,
1977_3,
1978_1,
1978_2,
1978_3,
1979_1,
1979_2,
1979_3,
1980_1,
1980_2,
1980_3,
1981_1,
1981_2,
1981_3,
1982_1,
1982_2,
1982_3,
1983_1,
1983_2,
1983_3,
1984_1,
1984_2,
1984_3,
1985_1,
1985_2,
1985_3,
1986_1,
1986_2,
1986_3,
1987_1,
1987_2,
1987_3,
1988_1,
1988_2,
1988_3,
1989_1,
1989_2,
1989_3,
1990_1,
1990_2,
1990_3,
1991_1,
1991_2,
1991_3,
1992_1,
1992_2,
1992_3,
1993_1,
1993_2,
1993_3,
1994_1,
1994_2,
1994_3,
1995_1,
1995_2,
1995_3,
1996_1,
1996_2,
1996_3,
1997_1,
1997_2,
1997_3,
1998_1,
1998_2,
1998_3,
1999_1,
1999_2,
1999_3,
2000_1,
2000_2,
2000_3,
